"","YearEnd","LocationDesc","Stratification1","DailySoda","Obesity","Overweight","DailyPE","DailyTV > 3hr","NoVegeDaily","NoFruitDaily","ExerciseDaily > 1hr","State","gender"
"1",2019,"Alabama","Female",18,15.3,19.3,21.1,20.4,54.8,47.9,15.1,1,1
"2",2019,"Alaska","Female",11.3,11.3,14.5,14.2,20.9,38.5,50.1,13,2,1
"3",2019,"Arizona","Female",11.8,8.9,19,26.1,20.1,45.8,51.6,15,3,1
"4",2019,"Arkansas","Female",22.4,19,21.7,15.1,24.8,52.7,52.1,16.9,4,1
"5",2019,"California","Female",11.5,10.5,17.3,24.5,18.6,NA,44.8,16.3,5,1
"6",2019,"Connecticut","Female",10,12.1,16.1,NA,23.9,39.9,41.2,15.2,7,1
"7",2019,"Florida","Female",13.3,11.6,18.3,14.6,22.3,48.2,47.3,14.4,10,1
"8",2019,"Guam","Female",11.1,21.3,21.1,7.8,20.5,47.1,60.3,14.8,12,1
"9",2019,"Hawaii","Female",8.3,11.8,14.5,6.3,17.2,49,58.7,11.2,13,1
"10",2019,"Idaho","Female",7.5,9.1,12.6,13.2,15.8,37.6,47.5,15.1,14,1
"11",2019,"Illinois","Female",9.9,11.7,16.9,63.5,19.2,44.7,45.8,20.5,15,1
"12",2019,"Iowa","Female",12.7,14.7,17.7,11.5,21.2,44.7,45.7,18.2,17,1
"13",2019,"Kansas","Female",11.4,13.5,17.1,16.3,17.6,37.6,43.6,20.7,18,1
"14",2019,"Kentucky","Female",23.5,14.6,20.3,14.7,24.1,52.6,53.3,13,19,1
"15",2019,"Louisiana","Female",19.3,13.6,21.1,24.5,28.3,60.4,57.4,15.2,20,1
"16",2019,"Maryland","Female",10.2,10.9,17,12.4,20.9,42.8,47.1,14.3,22,1
"17",2019,"Massachusetts","Female",9.4,11.3,15.4,22.4,NA,38.5,41.7,16.2,23,1
"18",2019,"Michigan","Female",10,13.8,15.9,16.5,19.8,45.4,46.8,15.7,24,1
"19",2019,"Mississippi","Female",23.1,21.1,21.7,20.1,30.8,60.5,55,15.6,25,1
"20",2019,"Missouri","Female",17.6,13.9,17,25.3,21.2,41.3,50,21.3,26,1
"21",2019,"Montana","Female",8.2,9.4,13.8,27.9,19.9,37.5,45.9,19.5,27,1
"22",2019,"National","Female",11.7,11.9,17.4,22.8,20.8,40.4,43,15.4,28,1
"23",2019,"Nebraska","Female",12.7,10.3,14.3,24.2,17.6,40.6,44.6,20.4,29,1
"24",2019,"New Mexico","Female",14.7,12.1,17.1,22,20.7,44.4,51,20.4,33,1
"25",2019,"New York","Female",9.7,11.4,16.8,16.4,19.3,NA,45.1,14.5,34,1
"26",2019,"North Carolina","Female",17.2,12.7,17.2,16.3,22,43.1,46.7,13.4,35,1
"27",2019,"North Dakota","Female",11.4,11.5,16.9,30.4,23.2,42.6,46.3,18,36,1
"28",2019,"Oklahoma","Female",19.1,14.4,22,23.4,24.1,52.8,58.5,21,38,1
"29",2019,"Pennsylvania","Female",9.6,12.6,16.3,24.1,19.8,40.6,44.7,18,39,1
"30",2019,"Puerto Rico","Female",25.4,11.8,17.5,27.4,19.4,65.9,58,11.3,40,1
"31",2019,"South Carolina","Female",19.1,12.7,19.7,11.1,24.6,51.7,50.2,15.2,42,1
"32",2019,"South Dakota","Female",10.9,10.1,15.5,16,NA,41,53.6,23.8,43,1
"33",2019,"Tennessee","Female",23.5,17.3,19.6,17.1,24,48.8,52.5,13.6,44,1
"34",2019,"Texas","Female",17.2,13,21.6,34.5,21.3,52.8,51.9,15.9,45,1
"35",2019,"Utah","Female",8.6,6.3,13.1,12.7,14.3,36.8,42,14,46,1
"36",2019,"West Virginia","Female",22.9,20.2,18.1,21.8,22.2,45.9,54.5,19.2,49,1
"37",2017,"Alaska","Female",11.3,12.8,19.3,14.9,20.8,42.8,47.3,13.3,2,1
"38",2017,"Arizona","Female",14.7,7.7,16.7,31.9,22.1,42.4,45.9,17.1,3,1
"39",2017,"Arkansas","Female",30.8,19,20.1,20.8,23.6,48.2,52.3,14.7,4,1
"40",2017,"California","Female",9.1,10,15.6,34,20.1,45,41.9,20.6,5,1
"41",2017,"Connecticut","Female",7.9,10.6,17.4,8.3,18,37.4,37.8,14.9,7,1
"42",2017,"District of Columbia","Female",15.4,17,20.5,NA,28.1,50.1,49.1,9.4,9,1
"43",2017,"Florida","Female",14,8.6,15.3,15.4,23.9,46.9,43,14.5,10,1
"44",2017,"Guam","Female",19.3,17.6,22.5,6.1,21.3,45.8,56.1,15.7,12,1
"45",2017,"Hawaii","Female",7.9,10.7,14.9,4,20.9,44.4,53.5,14.9,13,1
"46",2017,"Idaho","Female",9.4,10.6,14.2,16.1,17.6,37.9,43.9,15.5,14,1
"47",2017,"Illinois","Female",14.6,11.9,16.5,67.8,20.7,43,42.5,16.1,15,1
"48",2017,"Iowa","Female",15.4,11.8,17,12.1,18.6,45.1,40.5,21.3,17,1
"49",2017,"Kansas","Female",12.4,10.2,16.1,19.2,15.5,37.9,37.6,19.9,18,1
"50",2017,"Kentucky","Female",24.3,17.2,17.3,13.1,22.2,48.1,54.9,12.8,19,1
"51",2017,"Louisiana","Female",27.8,13.6,18.7,28.3,32.3,57.2,54.1,15.9,20,1
"52",2017,"Maryland","Female",12.1,10.4,16,12.3,23,43.5,47.5,12.6,22,1
"53",2017,"Massachusetts","Female",8.2,8.9,14.6,15.1,NA,37.6,38.3,17.1,23,1
"54",2017,"Michigan","Female",14.9,14.1,19.4,16,21.3,42.4,43.6,16.7,24,1
"55",2017,"Missouri","Female",NA,14.4,16.2,24.9,22,45.1,53,21.8,26,1
"56",2017,"Montana","Female",10.9,8.7,14.2,30.5,18.6,37.5,43,18.7,27,1
"57",2017,"National","Female",15.4,12.1,16.8,25.3,20.6,40.7,41.8,17.5,28,1
"58",2017,"Nebraska","Female",11.9,12.1,17.5,22.4,18.1,37.9,43.4,21.2,29,1
"59",2017,"New Mexico","Female",16.8,12.2,17.7,21.7,21,42.2,48.7,22.4,33,1
"60",2017,"New York","Female",11.4,10.7,18.2,14.4,22.8,NA,42,18.5,34,1
"61",2017,"North Carolina","Female",18.1,12.1,17.8,19.7,25.1,42.1,42.2,13.9,35,1
"62",2017,"North Dakota","Female",11.4,12.9,16.1,NA,18.1,38.4,38.9,17.7,36,1
"63",2017,"Oklahoma","Female",22.5,17,19.4,19.7,26.5,47.2,55.8,21.1,38,1
"64",2017,"Pennsylvania","Female",12.4,11.3,16.2,17.9,22.4,38.7,46.3,16,39,1
"65",2017,"Puerto Rico","Female",25.1,8.8,14.1,0.2,23.1,66.9,59.5,10.6,40,1
"66",2017,"Rhode Island","Female",9.4,12.9,17.1,14.9,20.1,42,41.7,15.1,41,1
"67",2017,"South Carolina","Female",22.7,16.8,17.6,14.5,26.5,50.2,49.5,14.1,42,1
"68",2017,"Tennessee","Female",22.7,16.9,18.2,23.3,24.8,48.6,49.6,17.6,44,1
"69",2017,"Texas","Female",13.4,16.1,20.3,29.9,21.5,48.9,48.5,18.6,45,1
"70",2017,"Utah","Female",10.6,5.3,13.6,17.8,17.1,36.5,42.1,12.9,46,1
"71",2017,"Virginia","Female",13.7,11.1,16.6,9.4,18.6,37.2,43.2,15.2,48,1
"72",2017,"West Virginia","Female",21.4,15.4,18.2,23.3,23.7,42.6,46.9,16.1,49,1
"73",2017,"Wisconsin","Female",11,10.7,16.8,34.5,17.1,40.3,40.2,16.7,50,1
"74",2015,"Alabama","Female",28.6,13.5,17,25.2,33.5,51,53.1,15.2,1,1
"75",2015,"Alaska","Female",14.5,10.9,18.1,13.2,20.1,35.7,44.8,17,2,1
"76",2015,"Arizona","Female",16.3,7,14.2,21.5,26.2,40,40.6,19.3,3,1
"77",2015,"Arkansas","Female",26.1,14.7,18.5,25.2,30.8,46.1,50.4,20.7,4,1
"78",2015,"California","Female",12.3,9.2,15.8,36.9,22.3,38.6,33.9,18.9,5,1
"79",2015,"Connecticut","Female",7.8,9.3,14.1,10.5,22.3,33.7,35.7,18.1,7,1
"80",2015,"Delaware","Female",16.9,13.3,17.3,9.6,27.2,NA,39.3,17.6,8,1
"81",2015,"District of Columbia","Female",18.4,14.4,20.8,NA,32.6,51.8,49.8,11.7,9,1
"82",2015,"Florida","Female",17,8.7,15.5,14.1,27.8,44.4,42.3,14.3,10,1
"83",2015,"Guam","Female",16.1,16.4,22.6,7.2,22.5,42.9,58,15.6,12,1
"84",2015,"Hawaii","Female",10.2,8.1,15.1,5,21.8,NA,53.5,14.2,13,1
"85",2015,"Idaho","Female",9.7,7.4,14.3,16.9,20.6,33.9,41.5,21.1,14,1
"86",2015,"Illinois","Female",14.1,8.4,14.6,59.8,21.6,43.8,41.2,19.9,15,1
"87",2015,"Indiana","Female",15.7,9.7,18.1,21.6,22.2,41.1,41.8,16.5,16,1
"88",2015,"Kentucky","Female",31.6,16.2,19.2,19.3,25.4,41.2,47.3,12.9,19,1
"89",2015,"Maryland","Female",14.2,8.8,15.4,12.6,27.1,41.7,45.5,14.1,22,1
"90",2015,"Massachusetts","Female",9.7,7.2,14.7,18.4,NA,38.2,39.8,17.6,23,1
"91",2015,"Michigan","Female",14.8,11.5,16.2,16.1,20.9,41.7,44.2,19.3,24,1
"92",2015,"Mississippi","Female",29.1,16.2,19.2,24.3,36.1,48.7,52.8,13.9,25,1
"93",2015,"Missouri","Female",17.1,10.3,12.4,18.2,23.9,43.9,47.9,19,26,1
"94",2015,"Montana","Female",12.9,7.4,14.9,28.3,22,34.5,41.9,20.7,27,1
"95",2015,"National","Female",16.4,10.8,16.6,25.5,24.4,40,37.9,17.7,28,1
"96",2015,"Nebraska","Female",15.8,9.3,16.4,26.9,19.1,36.8,41.3,23.6,29,1
"97",2015,"Nevada","Female",11.3,6.3,14.1,27.6,22.1,42.1,42.8,21.2,30,1
"98",2015,"New Mexico","Female",17.7,11.6,16.6,23.4,24.9,42.6,47.7,23.4,33,1
"99",2015,"New York","Female",11.3,10.1,13.9,18.7,27,NA,41.5,19,34,1
"100",2015,"North Carolina","Female",23.9,12.5,17.2,19.9,30.3,40,41.7,14.8,35,1
"101",2015,"North Dakota","Female",12.3,8.6,17.1,34.6,16.7,40.6,35.6,15.7,36,1
"102",2015,"Oklahoma","Female",25.3,12.9,16.7,26.8,28.2,43.8,48.2,21.5,38,1
"103",2015,"Pennsylvania","Female",12.9,12.4,16.7,15,27.2,39.4,44.4,17.3,39,1
"104",2015,"Puerto Rico","Female",31.4,10.3,15.7,NA,29.9,61,42.6,12.3,40,1
"105",2015,"Rhode Island","Female",9.5,7.6,14.1,20,21.9,39.6,40.3,12.6,41,1
"106",2015,"South Carolina","Female",26.5,13.4,17.5,15.2,29.1,54.4,57.2,13.6,42,1
"107",2015,"South Dakota","Female",17.4,10.3,13.3,11,21.7,39.2,45.5,18.8,43,1
"108",2015,"Tennessee","Female",26,14.2,17.8,21.6,29.6,50,51.6,17.6,44,1
"109",2015,"Virginia","Female",14.2,11.4,15.7,11.8,23.5,40.3,44.3,17.6,48,1
"110",2015,"West Virginia","Female",26.4,12.2,17.1,24.7,28.6,42.3,43.8,18.3,49,1
"111",2015,"Wyoming","Female",15.6,8,13.9,21.2,22,34,41.2,20.5,51,1
"112",2013,"Alabama","Female",29.4,13.5,16.2,28,32.8,44.8,48.2,14.1,1,1
"113",2013,"Alaska","Female",10.9,11.4,12.7,11.7,19.6,36.9,39.5,14.2,2,1
"114",2013,"Arkansas","Female",29.4,11.7,15,21.5,30.6,44,52.4,21.1,4,1
"115",2013,"Connecticut","Female",10.4,10.1,13.5,NA,23.2,34.5,38,18.7,7,1
"116",2013,"Delaware","Female",19.2,11,17.3,9,31.1,NA,38.1,14.8,8,1
"117",2013,"Florida","Female",19,8.2,16,17.3,30.8,43.6,42.8,16.4,10,1
"118",2013,"Georgia","Female",23.3,11.1,16.8,28.8,32.7,45.1,44.4,15.1,11,1
"119",2013,"Hawaii","Female",12,9.6,14.3,7.4,27.8,NA,46.2,13.6,13,1
"120",2013,"Idaho","Female",12.4,5.9,16,16.1,18.3,34.1,38.7,17.2,14,1
"121",2013,"Illinois","Female",18,9.2,12.7,63.3,29.6,40.6,38.1,19.3,15,1
"122",2013,"Kansas","Female",18.9,9.1,14.6,22.7,23.8,38.6,43.4,19.1,18,1
"123",2013,"Kentucky","Female",29.6,11.3,17,16.1,28.8,43.5,44.3,15.4,19,1
"124",2013,"Maryland","Female",15,8.2,14.8,13.9,32.2,37.9,39.8,16,22,1
"125",2013,"Michigan","Female",15.4,8.7,15.3,21.2,26.2,36.8,38.8,19.5,24,1
"126",2013,"Mississippi","Female",34.7,11.7,16.3,25.2,40.7,47.2,55.5,17.5,25,1
"127",2013,"Missouri","Female",21.1,11.1,16.3,24.4,24.5,43.7,47.6,18,26,1
"128",2013,"Montana","Female",12.7,5.6,11.2,30.8,20.4,32.4,38.8,19.6,27,1
"129",2013,"National","Female",24.1,10.9,16.6,24,32.2,38.7,40,17.7,28,1
"130",2013,"Nebraska","Female",17.2,7.9,11.8,30,21.6,37.2,37.1,23.9,29,1
"131",2013,"Nevada","Female",13.5,7.5,14.9,25.8,29.9,40,40.4,17.2,30,1
"132",2013,"New Jersey","Female",10.2,4.9,12.4,45.3,29.5,37.1,35.4,17.1,32,1
"133",2013,"New Mexico","Female",17.3,8.5,15,20.6,25.7,37.7,44.8,23.5,33,1
"134",2013,"New York","Female",15.8,8.9,13.7,18.2,26.4,NA,39.3,17.6,34,1
"135",2013,"North Carolina","Female",24.8,9.6,16,NA,34.5,39,44.4,15.4,35,1
"136",2013,"North Dakota","Female",16.3,10.1,15.1,NA,18.6,38,33.4,19,36,1
"137",2013,"Ohio","Female",16.1,8.3,16.7,NA,29.1,35.5,37.5,17.6,37,1
"138",2013,"Oklahoma","Female",29.1,9.7,15.9,29.2,31.4,46.7,50.4,26.6,38,1
"139",2013,"Rhode Island","Female",14.4,7.8,17,26.7,26.3,34.8,37.6,15.9,41,1
"140",2013,"South Carolina","Female",28.7,9.6,18.3,NA,36,48.8,48.8,15.4,42,1
"141",2013,"South Dakota","Female",16.3,7.1,11.6,14.7,23.5,33.9,37.2,20.6,43,1
"142",2013,"Tennessee","Female",32.4,13.7,16.8,21.2,34.4,46.2,46.3,15.8,44,1
"143",2013,"Texas","Female",22.9,11.8,16.4,34,32.2,49.3,43.7,20.6,45,1
"144",2013,"Utah","Female",9.4,4.5,11.1,15.2,14.9,30.9,34,11.5,46,1
"145",2013,"Virginia","Female",19.7,9.4,14.8,11.9,28.1,38.7,41.2,15.9,48,1
"146",2013,"West Virginia","Female",33.7,12.5,14.8,27.5,32.1,38,43,19.6,49,1
"147",2013,"Wisconsin","Female",14.7,8.1,14,38.5,23.4,NA,30.7,18.3,50,1
"148",2013,"Wyoming","Female",18.6,8.4,13,19.8,19.5,30.9,40.5,19.9,51,1
"149",2011,"Alabama","Female",39,14.3,16.3,25.7,40.2,50,47.5,15,1,1
"150",2011,"Alaska","Female",11.9,8.8,14.7,12.8,21.9,33.3,38.6,14.3,2,1
"151",2011,"Arkansas","Female",34.6,10.3,16.3,20.4,35.8,44,52,NA,4,1
"152",2011,"Delaware","Female",22.5,9.5,19.7,23.3,36.3,NA,49.3,17.6,8,1
"153",2011,"District of Columbia","Female",24.2,15.5,19.5,12.3,40.5,45.5,39.3,13,9,1
"154",2011,"Florida","Female",22.6,7.7,13.4,16.2,35.5,41.9,39.5,NA,10,1
"155",2011,"Georgia","Female",24.9,11.7,14.9,21.9,39.1,43.4,46.3,14.2,11,1
"156",2011,"Hawaii","Female",14.1,8.7,13.2,4,28.7,40.7,47.1,13.6,13,1
"157",2011,"Idaho","Female",12,6.9,12.4,16.8,19.4,31.9,34.3,14.5,14,1
"158",2011,"Illinois","Female",22.5,7.1,15.7,71.2,27.6,43.8,39.4,15.8,15,1
"159",2011,"Indiana","Female",23.7,11.5,18.5,16.6,27.1,41.4,46.4,15.8,16,1
"160",2011,"Iowa","Female",21.2,10.1,14.5,20.9,22.5,37,37.6,19.9,17,1
"161",2011,"Kansas","Female",19.6,8,12.8,18.9,23.3,35.9,39.7,19.5,18,1
"162",2011,"Kentucky","Female",35.7,12.1,16.6,15.3,31,44.8,50.9,13.3,19,1
"163",2011,"Louisiana","Female",43.1,13.8,22.1,39,44.6,50.9,50.1,13.9,20,1
"164",2011,"Maryland","Female",22.5,10.5,15.3,14.5,33.8,40.1,39.6,NA,22,1
"165",2011,"Michigan","Female",18.9,8.1,15.4,18.7,28.5,35.7,38.4,18.8,24,1
"166",2011,"Mississippi","Female",37.8,13.5,18.1,23.6,43.7,46.5,43.2,14.6,25,1
"167",2011,"Montana","Female",16.7,5.4,11.6,29.1,19.4,33.1,37.9,20.9,27,1
"168",2011,"National","Female",24,9.8,15.4,27.2,31.6,38.4,38.4,18.5,28,1
"169",2011,"Nebraska","Female",22.5,8,13.6,27.9,23.6,38.1,42.9,19.8,29,1
"170",2011,"New Jersey","Female",15.1,7.4,15.1,54.5,33.6,35,39.8,NA,32,1
"171",2011,"New Mexico","Female",23.6,7.8,14.1,22.9,28.3,38.1,43.8,18.5,33,1
"172",2011,"New York","Female",19.1,8,14.9,17.4,30,NA,34.9,16.2,34,1
"173",2011,"North Carolina","Female",26.3,10.9,16.4,NA,33.8,40.6,45.9,18.4,35,1
"174",2011,"Ohio","Female",21.9,11.8,13.3,20,29.6,41.1,44.5,15.4,37,1
"175",2011,"Oklahoma","Female",31.7,15.5,15.2,20.6,30.4,42.4,46.2,18.3,38,1
"176",2011,"Rhode Island","Female",15.3,8.4,14.9,23.1,28.2,33.9,37.1,18.2,41,1
"177",2011,"South Carolina","Female",30.9,8.4,18.4,17.7,41.6,47.2,51,15.8,42,1
"178",2011,"South Dakota","Female",20.1,7.5,14.3,18.4,22,36.9,40,17.1,43,1
"179",2011,"Tennessee","Female",37.5,12.4,17.5,20.6,34.2,41,47.2,18.2,44,1
"180",2011,"Texas","Female",25.5,11.9,18.3,33.3,37.7,47.9,43.6,18.7,45,1
"181",2011,"Utah","Female",10.6,4.8,10.7,14.3,18.7,30.7,31.9,14,46,1
"182",2011,"Vermont","Female",10,6.4,11.4,11.2,NA,24.7,30.6,16.1,47,1
"183",2011,"Virginia","Female",22.9,10.7,16.5,14,32.7,41.1,42.5,17.1,48,1
"184",2011,"West Virginia","Female",35.6,9.5,15.3,23.1,28.3,33.9,40.7,19.2,49,1
"185",2011,"Wisconsin","Female",17.1,6.8,15,36.2,23.7,35.5,35.1,21.3,50,1
"186",2011,"Wyoming","Female",20.9,7,12.6,16.4,19.7,31.7,40.1,17.2,51,1
"187",2009,"Alabama","Female",35.7,9.6,19.3,29.6,36.8,44.2,51.6,13.4,1,1
"188",2009,"Alaska","Female",19.8,9.9,15.1,13.3,25.4,35.5,40.7,14,2,1
"189",2009,"Arkansas","Female",32.9,9.9,15.2,21.3,34.7,45.2,46.8,NA,4,1
"190",2009,"Colorado","Female",20.2,5.3,10.2,15.6,20.5,34.7,35.8,19.4,6,1
"191",2009,"Delaware","Female",25.6,11.6,16.5,22.7,36.5,NA,46.7,13.9,8,1
"192",2009,"Florida","Female",24.1,7.3,13.3,19.7,36.8,42.7,42.4,NA,10,1
"193",2009,"Georgia","Female",27.1,10.3,15.7,26.8,39.9,42.3,44.7,14.3,11,1
"194",2009,"Hawaii","Female",14.9,11.3,14.3,9,29.1,42.9,46.2,11,13,1
"195",2009,"Idaho","Female",13.9,4.8,11.3,15.9,20.2,34.6,37.7,16.5,14,1
"196",2009,"Illinois","Female",26.8,8.9,14,67.8,34.6,44.7,40.5,16.2,15,1
"197",2009,"Indiana","Female",26.4,9.5,17.6,14.7,30.3,41.4,46.1,14.3,16,1
"198",2009,"Kansas","Female",24.9,9.3,12.7,15.9,26.7,37.2,39,17.7,18,1
"199",2009,"Kentucky","Female",31.6,14.1,16,16.1,29.2,40,50.1,12.1,19,1
"200",2009,"Louisiana","Female",35.8,11.1,20.5,36.7,43.1,48.9,49.5,NA,20,1
"201",2009,"Maryland","Female",18.8,8.5,14.9,15.9,37.3,37.9,34.2,NA,22,1
"202",2009,"Michigan","Female",22.6,7.9,13,26.1,25.2,35.1,38.4,18.4,24,1
"203",2009,"Mississippi","Female",38.1,16.2,16.5,18.5,45.2,46.6,43.7,16,25,1
"204",2009,"Missouri","Female",23.9,10.4,13.8,25.4,29.8,35.8,42.1,16.5,26,1
"205",2009,"Montana","Female",17.2,7.4,9.2,29.1,20.2,33,39,14.4,27,1
"206",2009,"National","Female",23.3,8.1,15.5,31.9,32.1,38.4,37.6,NA,28,1
"207",2009,"Nevada","Female",17.6,6.5,13.2,NA,36.4,47.3,47.4,16.5,30,1
"208",2009,"New Mexico","Female",25.3,8.5,14.5,26.5,29.9,42.1,47.1,17.5,33,1
"209",2009,"New York","Female",19.1,7.1,13.5,15.8,29.9,NA,38.2,14.7,34,1
"210",2009,"North Carolina","Female",28.8,9.9,15,NA,35.4,42.1,46.7,15.2,35,1
"211",2009,"Oklahoma","Female",34.9,13.3,16.1,24.8,26.3,48.7,52.7,16.7,38,1
"212",2009,"Pennsylvania","Female",18.8,9.9,16,19.2,28.8,34.1,39.4,20,39,1
"213",2009,"Rhode Island","Female",16.9,8,16.5,22,27.1,34.9,36.2,16,41,1
"214",2009,"South Carolina","Female",31.2,14.1,16.1,13.2,41,51,50.2,11.9,42,1
"215",2009,"South Dakota","Female",21,5.9,11.8,15.3,18.2,40.6,43.3,16.6,43,1
"216",2009,"Tennessee","Female",39.5,12.9,17.3,18.3,37.9,44.5,47.7,13.1,44,1
"217",2009,"Texas","Female",28.3,10.5,14.9,30.7,35.9,45.2,43.9,16.6,45,1
"218",2009,"Utah","Female",9.2,4.3,10.6,19.3,16.1,32.5,34,NA,46,1
"219",2009,"Vermont","Female",15,8.1,12.5,18,NA,26.9,32.3,16.4,47,1
"220",2009,"West Virginia","Female",33.3,7.6,15.6,20.3,30.9,38.4,42,17,49,1
"221",2009,"Wisconsin","Female",17.1,6.8,13.6,41.6,19.4,34.9,32.9,17.8,50,1
"222",2009,"Wyoming","Female",20.3,8.3,11.7,19.3,19.8,32,41.7,17.2,51,1
"223",2007,"Alaska","Female",18.3,9.6,14.6,12.4,22.5,37.7,42.2,12.2,2,1
"224",2007,"Arizona","Female",24.6,8.4,12,21.5,27.3,43.6,47.4,NA,3,1
"225",2007,"Arkansas","Female",36.3,8.9,16.5,32.7,31.6,45.6,51,NA,4,1
"226",2007,"Delaware","Female",26.4,10.7,18.8,28.2,38.6,NA,46.7,14.9,8,1
"227",2007,"District of Columbia","Female",29.1,15.6,19.5,16.4,53,52.6,47,13.9,9,1
"228",2007,"Florida","Female",26.8,6.8,15.1,17,39.7,40.4,43.7,NA,10,1
"229",2007,"Georgia","Female",31.8,10.9,18.6,24.8,42.8,42.4,43.6,15.9,11,1
"230",2007,"Hawaii","Female",21.7,10.8,14.8,6.6,34,45,53.7,13.7,13,1
"231",2007,"Idaho","Female",16.6,6.3,12.9,23.2,18,38.1,42.9,14.9,14,1
"232",2007,"Illinois","Female",28.3,9.8,15.6,45,32.8,40.3,34.7,13.7,15,1
"233",2007,"Indiana","Female",27.6,9.7,14.5,20.4,26.1,37.7,39.7,16.4,16,1
"234",2007,"Iowa","Female",23.1,8.6,10.3,16.8,23.4,30.5,35.2,19.5,17,1
"235",2007,"Kansas","Female",29.5,6.8,14,18,23.5,31.8,45.3,15.8,18,1
"236",2007,"Kentucky","Female",36.9,10.8,15.2,16.6,27.1,41.1,53.7,11.1,19,1
"237",2007,"Louisiana","Female",36.2,11.6,14.4,42.2,39,54.8,56.3,18.3,20,1
"238",2007,"Maine","Female",13.3,7.4,11.9,6.1,22.9,25.8,35.3,NA,21,1
"239",2007,"Michigan","Female",23.1,9.7,15.5,26.1,30.5,37.8,39,15.5,24,1
"240",2007,"Mississippi","Female",45.1,14.5,18.4,16.5,46.6,47.6,46.5,12.6,25,1
"241",2007,"Missouri","Female",27.5,8.5,13.4,17.4,29.1,38.4,43.4,15.2,26,1
"242",2007,"Montana","Female",21.1,6.3,12.9,28.2,19.5,35.3,39.2,13.2,27,1
"243",2007,"National","Female",29,9.4,14.8,27.3,33.2,38.3,42,NA,28,1
"244",2007,"Nevada","Female",20.3,7.4,13.5,NA,32.9,42.7,44.4,15.9,30,1
"245",2007,"New Hampshire","Female",14.8,7,12.7,14,18.3,25,35.7,17.3,31,1
"246",2007,"New Mexico","Female",25.3,6,13.8,28.7,28.6,38.9,47.1,18.1,33,1
"247",2007,"New York","Female",20.4,7.4,16,11.9,35.1,NA,37.5,13.3,34,1
"248",2007,"North Carolina","Female",35.2,9.4,17,22.5,34.1,41.5,49.8,17.7,35,1
"249",2007,"North Dakota","Female",19.8,7.8,11,NA,20.5,34.6,40.1,12.8,36,1
"250",2007,"Ohio","Female",23.8,8.4,14.4,22.7,31.4,39.8,44.3,18,37,1
"251",2007,"Oklahoma","Female",35.8,9.7,16.6,27.5,30.3,44.7,54.1,16.9,38,1
"252",2007,"Rhode Island","Female",20.4,7.3,16,21.9,26.7,33.6,39.1,14.3,41,1
"253",2007,"South Carolina","Female",33.7,12,18.7,20.5,42.2,45,47.9,13.8,42,1
"254",2007,"South Dakota","Female",20.2,7.5,12.3,11.2,22.9,41.1,43.3,15.7,43,1
"255",2007,"Tennessee","Female",41.7,11.9,19.8,26.9,39.5,42.2,48.5,13.2,44,1
"256",2007,"Texas","Female",32.6,11.1,15.1,36.3,38.6,45.4,45.9,16.5,45,1
"257",2007,"Utah","Female",11.8,5,9.6,20.6,18.2,34.1,38.5,12.8,46,1
"258",2007,"Vermont","Female",16.5,7.7,13.2,15.9,NA,26.1,31.6,18.6,47,1
"259",2007,"West Virginia","Female",40.6,11.5,18.6,21,31.3,37.9,46.5,16.8,49,1
"260",2007,"Wyoming","Female",20.9,6.5,9.8,19,17.5,35.5,46.7,19.1,51,1
"261",2019,"Alabama","Male",22.7,19,21,30.5,19.7,51.1,43.7,31,1,2
"262",2019,"Alaska","Male",15.5,18,15.5,20.1,15,37,45.8,22.8,2,2
"263",2019,"Arizona","Male",16.5,17.6,15.8,37.8,19.3,43.6,49.3,29,3,2
"264",2019,"Arkansas","Male",24.9,25.2,17.9,18.3,20.9,48.7,52.1,28.8,4,2
"265",2019,"California","Male",17.5,20.9,13.4,28.3,18.5,NA,43.3,24.9,5,2
"266",2019,"Connecticut","Male",15.5,16.6,13.8,NA,21.5,39.2,40,31.2,7,2
"267",2019,"Florida","Male",20.1,16.2,14,28,21.7,47,43.7,30.8,10,2
"268",2019,"Guam","Male",19,25.8,16,13.3,19.5,43.9,49.6,23.7,12,2
"269",2019,"Hawaii","Male",12.8,20.6,14.3,10.7,16.9,42.7,53.9,22.9,13,2
"270",2019,"Idaho","Male",15.1,15.1,12.2,27.7,16.3,36.9,46.7,29.1,14,2
"271",2019,"Illinois","Male",17.3,18.5,14.1,58.6,16.4,44.3,40,31.5,15,2
"272",2019,"Iowa","Male",22,19.2,14.3,12.5,19.7,41.8,43.5,33.1,17,2
"273",2019,"Kansas","Male",21.4,16.7,14.3,23.7,14.7,35.5,42.1,32.2,18,2
"274",2019,"Kentucky","Male",27.3,21.9,15.5,20.9,18.8,51,51.8,24.8,19,2
"275",2019,"Louisiana","Male",19.7,19.3,14.7,27.6,20.4,50.6,49.2,27.1,20,2
"276",2019,"Maryland","Male",14.3,14.6,14.5,17.5,18.5,42.1,45.6,24.8,22,2
"277",2019,"Massachusetts","Male",12.5,17,14.3,23.1,NA,42.9,46.6,27.3,23,2
"278",2019,"Michigan","Male",18,16.7,16.3,31.6,17.1,44.7,42.6,27.9,24,2
"279",2019,"Mississippi","Male",26.4,25.8,14.4,29.1,24.6,53.2,45.2,31.5,25,2
"280",2019,"Missouri","Male",25.3,22.7,15.2,28.7,18.6,40.2,47.9,29.1,26,2
"281",2019,"Montana","Male",17.5,13.5,12.2,37.7,18.5,38.1,44.5,31.1,27,2
"282",2019,"National","Male",18.2,18.9,14.9,28.9,18.7,41.1,40.6,30.9,28,2
"283",2019,"Nebraska","Male",20.3,16.1,11.3,32.3,14.8,43.1,43.7,35.3,29,2
"284",2019,"New Mexico","Male",21.9,18.2,14.6,26.6,21.4,39,44.4,33.2,33,2
"285",2019,"New York","Male",16,15.4,15.8,18.7,16.7,NA,43,24.2,34,2
"286",2019,"North Carolina","Male",22.3,17.9,14.8,30.1,18.1,47.5,48.8,26.8,35,2
"287",2019,"North Dakota","Male",20,16.5,16.1,39.8,14.3,42.9,45.3,32.5,36,2
"288",2019,"Oklahoma","Male",25.6,20.7,14.4,32.7,20.6,50.1,52.4,37.2,38,2
"289",2019,"Pennsylvania","Male",17.1,17.9,12.8,28,18.9,42,44.5,32.6,39,2
"290",2019,"Puerto Rico","Male",24.9,17.1,13.6,28.5,22,62.6,46.1,19.6,40,2
"291",2019,"South Carolina","Male",21.3,20.2,13,14.8,18.5,51.5,51.8,24,42,2
"292",2019,"South Dakota","Male",17.7,17.9,15.6,22.4,NA,42.9,43,35.1,43,2
"293",2019,"Tennessee","Male",26.7,24.3,17.1,23.2,23,54.3,49.9,29.3,44,2
"294",2019,"Texas","Male",21.5,20.6,14.2,35.6,20.3,50.5,49,29.9,45,2
"295",2019,"Utah","Male",14.8,13.2,11.5,14.8,13.5,34.7,41.5,28,46,2
"296",2019,"West Virginia","Male",32.3,25.5,15,32.8,19.7,50.3,49.6,33.3,49,2
"297",2017,"Alaska","Male",17.9,14.5,15.8,20.4,20.4,40.2,45.5,23.2,2,2
"298",2017,"Arizona","Male",19.6,16.7,15,40.7,16.9,44.6,44,31.7,3,2
"299",2017,"Arkansas","Male",33,24.3,16.2,26.8,22.7,48.7,49.6,28.3,4,2
"300",2017,"California","Male",14.9,17.6,14.4,35.2,16.7,40.6,33.8,34.2,5,2
"301",2017,"Connecticut","Male",12.4,14.6,14.7,8.9,15.6,37.9,40,29.7,7,2
"302",2017,"District of Columbia","Male",17.9,16.5,15.5,NA,26.9,47.3,45.7,18.1,9,2
"303",2017,"Florida","Male",20.6,13.4,13,28.2,22.7,43.5,37.3,31.3,10,2
"304",2017,"Guam","Male",18.4,28.9,15.9,10.3,19.4,41.1,52,25.1,12,2
"305",2017,"Hawaii","Male",13.1,17.7,13.5,7.7,15.3,43.5,49.3,24.8,13,2
"306",2017,"Idaho","Male",15,12.2,15.2,26.6,15.8,38.7,36.1,31.6,14,2
"307",2017,"Illinois","Male",18.1,17.7,15.7,69.5,15.2,44.6,42.8,30.3,15,2
"308",2017,"Iowa","Male",21.3,18.8,15,20.7,18.5,42.5,43.3,37.4,17,2
"309",2017,"Kansas","Male",18.6,15.8,14.5,29.8,13.6,40.5,38.4,32.6,18,2
"310",2017,"Kentucky","Male",31.9,23,15,25.2,20.1,50.8,48.4,31,19,2
"311",2017,"Louisiana","Male",30.5,20.3,18,36.4,25,50.3,49.2,25.8,20,2
"312",2017,"Maryland","Male",15.7,14.7,14.4,18.3,21.2,42,44.8,23.4,22,2
"313",2017,"Massachusetts","Male",12.8,14.5,13.5,18.2,NA,39.1,40.5,28.3,23,2
"314",2017,"Michigan","Male",21.1,19.3,13.3,28,21.4,42.8,40.5,29.1,24,2
"315",2017,"Missouri","Male",NA,18.9,15.2,32.3,20,44.2,46.1,35.5,26,2
"316",2017,"Montana","Male",19,14.5,14.9,38.8,17.5,37,40.3,37,27,2
"317",2017,"National","Male",22.3,17.5,14.4,34.7,20.8,40.6,36.7,35.3,28,2
"318",2017,"Nebraska","Male",24.2,16.9,15.8,32.9,20.4,39.2,42.6,32.5,29,2
"319",2017,"New Mexico","Male",23.4,18.2,15.1,29.6,20.9,36.9,40.6,39.1,33,2
"320",2017,"New York","Male",15.9,14.1,14.2,16.1,18.6,NA,39.8,28.1,34,2
"321",2017,"North Carolina","Male",26.3,18.5,13.4,29.3,21.1,40,43.5,30.7,35,2
"322",2017,"North Dakota","Male",21,16.8,16.2,NA,19.3,40,38.6,34.1,36,2
"323",2017,"Oklahoma","Male",24.3,17.3,13.8,34.2,19.8,44.9,47.9,37.7,38,2
"324",2017,"Pennsylvania","Male",20.7,16,15.3,21.3,19.5,43,43.5,33,39,2
"325",2017,"Puerto Rico","Male",25.8,13.7,11.7,0.1,25.8,60.7,49.8,20.5,40,2
"326",2017,"Rhode Island","Male",13.2,17.3,14.9,18.1,22.3,42.7,42.6,30.9,41,2
"327",2017,"South Carolina","Male",25.9,17.6,15.5,24.2,21.1,48,48.2,29.3,42,2
"328",2017,"Tennessee","Male",28.8,23.9,16.9,29.3,22.7,45.9,44.8,33.4,44,2
"329",2017,"Texas","Male",22.5,21.1,15.8,32.3,22.1,45.1,45.4,31.6,45,2
"330",2017,"Utah","Male",18.7,13.8,12.9,18.2,16.6,37.6,40.6,25.2,46,2
"331",2017,"Virginia","Male",19.1,14.3,14.3,16.2,19.1,40.5,41.3,29.2,48,2
"332",2017,"West Virginia","Male",30.1,23.4,13.9,30.8,23.7,47.3,44.6,30.4,49,2
"333",2017,"Wisconsin","Male",19.4,16.5,13.4,39.6,16.3,39.4,36.9,32.6,50,2
"334",2015,"Alabama","Male",27.6,18.6,18,39.6,28,47.2,48.6,35.5,1,2
"335",2015,"Alaska","Male",22.6,16.9,15.5,18.5,24.1,37.3,42.4,24.7,2,2
"336",2015,"Arizona","Male",22.5,14.5,15.1,30.6,22.8,42.1,38.6,32.1,3,2
"337",2015,"Arkansas","Male",32.6,21.3,17.6,32.2,31.2,45.2,45.4,36.7,4,2
"338",2015,"California","Male",16.3,18.5,17.1,40.1,23.7,38.3,30.9,31.8,5,2
"339",2015,"Connecticut","Male",16,15.2,14.4,12.6,21.6,36.9,40.5,32.6,7,2
"340",2015,"Delaware","Male",20.7,18.1,14.3,12.3,28.1,NA,36.5,31.4,8,2
"341",2015,"District of Columbia","Male",19.8,15.9,15,NA,31.9,45.2,42.7,20.9,9,2
"342",2015,"Florida","Male",24.4,15.8,13.6,30.3,28.8,41.9,36.7,34,10,2
"343",2015,"Guam","Male",17.1,23.7,17.4,15.1,24.5,42,50.2,30.1,12,2
"344",2015,"Hawaii","Male",16.7,17.6,15.6,8.5,21.8,NA,48,26.7,13,2
"345",2015,"Idaho","Male",16.9,14.5,16.2,25.7,19.1,36.1,37.3,37.9,14,2
"346",2015,"Illinois","Male",22.3,16.7,16.1,61.8,22,42,39.7,33.8,15,2
"347",2015,"Indiana","Male",23.6,17.5,16.5,34.1,22.2,44,37.1,33.8,16,2
"348",2015,"Kentucky","Male",33,20.6,14.9,25.2,25.3,44.7,47.3,27.3,19,2
"349",2015,"Maryland","Male",19.1,14.1,14.5,18.7,26.4,40.1,41.3,25,22,2
"350",2015,"Massachusetts","Male",17.7,14.7,16,22.1,NA,37.1,35,30.4,23,2
"351",2015,"Michigan","Male",23,17,15.8,28.8,22.4,44.1,40.2,30,24,2
"352",2015,"Mississippi","Male",29.9,21.7,14.9,25.8,30.9,47.6,48.9,28.6,25,2
"353",2015,"Missouri","Male",25.2,15.9,14.3,28.2,18.1,39.8,44.9,33.5,26,2
"354",2015,"Montana","Male",23.9,13,15.1,36.8,21.9,33.7,38.3,36.3,27,2
"355",2015,"National","Male",24.3,16.8,15.5,33.8,25,38,35.4,36,28,2
"356",2015,"Nebraska","Male",24.4,16.5,17.3,38.9,21.1,35.9,41.4,35.6,29,2
"357",2015,"Nevada","Male",16.1,17.8,15.9,30.7,22.2,39.7,37,35.9,30,2
"358",2015,"New Mexico","Male",24.3,19.5,15.9,30.8,24.6,38.5,43,38.3,33,2
"359",2015,"New York","Male",16.4,16.1,13.9,17.8,21.7,NA,45.8,27.8,34,2
"360",2015,"North Carolina","Male",29.8,20.2,14.6,30.4,31,41.5,41.9,33.8,35,2
"361",2015,"North Dakota","Male",24.7,19.1,12.3,37.9,20.9,42.4,39.3,34.5,36,2
"362",2015,"Oklahoma","Male",33.4,22,13.9,41.3,29.9,40.9,41.5,43.6,38,2
"363",2015,"Pennsylvania","Male",23.3,15.4,15,22.1,28.3,41.6,37.6,32.4,39,2
"364",2015,"Puerto Rico","Male",28.9,11.9,12.2,NA,28.7,56,41.1,25.1,40,2
"365",2015,"Rhode Island","Male",15.6,16.2,15.2,16.7,22.6,43.4,38.9,27.7,41,2
"366",2015,"South Carolina","Male",26.6,19,18.8,33.2,27.8,51.9,44.4,34,42,2
"367",2015,"South Dakota","Male",28.7,18.8,15.7,15.4,21.1,42.3,44.2,36.8,43,2
"368",2015,"Tennessee","Male",31.8,22.7,16.4,28.9,28.9,46.3,43.7,33.9,44,2
"369",2015,"Virginia","Male",19.5,14.5,14.6,14.7,24.2,39.3,38.5,32.3,48,2
"370",2015,"West Virginia","Male",33.7,23.4,16.8,25.6,25,46.1,46.1,33,49,2
"371",2015,"Wyoming","Male",26.6,13.8,15.2,21.6,19.8,36.2,38.4,33.5,51,2
"372",2013,"Alabama","Male",37.3,20.6,15.4,43.7,33.7,41.5,45,35.8,1,2
"373",2013,"Alaska","Male",20.2,13.4,14.7,20.3,21.2,36.6,37.1,27.7,2,2
"374",2013,"Arkansas","Male",33.1,23.7,16.7,24.7,35,40.2,43.9,34.3,4,2
"375",2013,"Connecticut","Male",17.1,14.5,14.3,NA,25.1,34,35.4,33.4,7,2
"376",2013,"Delaware","Male",25.2,17.2,15.3,17.5,36.7,NA,35.4,32.7,8,2
"377",2013,"Florida","Male",25.3,14.9,13.4,30.9,31.5,41.9,35.5,34.1,10,2
"378",2013,"Georgia","Male",25.6,14.1,17.4,38.7,31.4,45.5,41.8,34.5,11,2
"379",2013,"Hawaii","Male",19.6,17.3,15.4,7.2,31.1,NA,44.4,30.6,13,2
"380",2013,"Idaho","Male",18.4,13,15.4,28.5,20.9,32.1,35.7,38.2,14,2
"381",2013,"Illinois","Male",26,13.7,16,64.5,28.4,39,35.4,31.6,15,2
"382",2013,"Kansas","Male",24.2,15.9,18,33.1,26.2,34.6,37.6,37.1,18,2
"383",2013,"Kentucky","Male",36.2,24.2,13.8,22.5,24.5,42.1,44.7,29.5,19,2
"384",2013,"Maryland","Male",20.8,13.8,14.8,22.7,30.8,37.8,39.3,27.5,22,2
"385",2013,"Michigan","Male",23.5,17.3,15.7,32.4,27.7,38.5,40.3,33.7,24,2
"386",2013,"Mississippi","Male",39.5,19.2,10,32.1,38,42.6,46.7,34.4,25,2
"387",2013,"Missouri","Male",25.6,18.5,14.7,37,26.8,39.1,42.8,36.2,26,2
"388",2013,"Montana","Male",23.3,12.9,14.6,38.7,24.6,33.9,38.9,35.4,27,2
"389",2013,"National","Male",29.9,16.6,16.5,34.9,32.8,38.5,34.7,36.6,28,2
"390",2013,"Nebraska","Male",27,17.2,15.7,39.3,23.9,39.9,38.5,40.4,29,2
"391",2013,"Nevada","Male",20.4,15.3,14.3,26.1,28.5,44.1,41.7,31,30,2
"392",2013,"New Jersey","Male",14.1,12.5,15.5,45.2,27.5,37.6,39.1,38,32,2
"393",2013,"New Mexico","Male",25,16.6,15,29.5,27.1,37.5,39.4,38.6,33,2
"394",2013,"New York","Male",25.1,12.3,13.9,19.6,28.5,NA,35.1,33.8,34,2
"395",2013,"North Carolina","Male",31.1,15.3,14.5,NA,31.6,38.6,41.1,36,35,2
"396",2013,"North Dakota","Male",30.3,16.7,15.1,NA,23.2,36.4,37,30,36,2
"397",2013,"Ohio","Male",24.7,17.4,15.1,NA,27.6,40.8,39.8,34.2,37,2
"398",2013,"Oklahoma","Male",33.3,14.1,14.7,35,32.4,42.2,46.2,49.9,38,2
"399",2013,"Rhode Island","Male",20.2,13.3,15.6,25,28.1,37.6,38.7,30.8,41,2
"400",2013,"South Carolina","Male",29.5,18,15.3,NA,30.8,42.7,42.9,32.1,42,2
"401",2013,"South Dakota","Male",30.9,16.6,14.7,22.3,23.8,37.4,36.7,34.8,43,2
"402",2013,"Tennessee","Male",33.3,20,14.1,23.3,33.9,45.9,44.7,34.9,44,2
"403",2013,"Texas","Male",27.1,19.4,14.8,42.4,33.5,45.6,40.6,38.9,45,2
"404",2013,"Utah","Male",17.2,8.3,11,21.9,14.9,30.8,32.1,27.6,46,2
"405",2013,"Virginia","Male",23.7,14.5,14.6,14.8,28.4,38.9,36.1,31.6,48,2
"406",2013,"West Virginia","Male",42.5,18.8,16.3,33.9,33.8,37.3,36.1,42,49,2
"407",2013,"Wisconsin","Male",24.4,15,12.1,40.4,21.6,NA,33.5,29.5,50,2
"408",2013,"Wyoming","Male",29.8,12.9,12.7,27.5,24.5,31.1,37.2,36.3,51,2
"409",2011,"Alabama","Male",42.5,19.7,15.3,44.7,40.8,41.7,41.6,41.7,1,2
"410",2011,"Alaska","Male",23,14,14.1,21.8,25.6,34.8,39.4,28,2,2
"411",2011,"Arkansas","Male",34.9,19.8,14.4,28,27.7,42.4,46.9,NA,4,2
"412",2011,"Delaware","Male",29.8,14.9,14.1,27.4,38.3,NA,42.8,32.4,8,2
"413",2011,"District of Columbia","Male",23.8,13.4,16.4,11.6,36.1,44.3,38.1,21,9,2
"414",2011,"Florida","Male",29.3,15.2,13.8,29.3,38.6,42.3,34.9,NA,10,2
"415",2011,"Georgia","Male",31.6,18.2,16.6,37.7,34.2,42.9,39.5,36.1,11,2
"416",2011,"Hawaii","Male",21.1,17.7,13.6,9.9,34.8,41.1,42.9,28.8,13,2
"417",2011,"Idaho","Male",23.4,11.4,14.3,33.6,23.8,32.5,33.4,36.8,14,2
"418",2011,"Illinois","Male",29.6,15.9,13.2,71.3,30.7,40.9,38.1,30.5,15,2
"419",2011,"Indiana","Male",32.9,17.8,12.5,22.6,26.9,42.4,43.2,32.3,16,2
"420",2011,"Iowa","Male",34.8,16.2,14.5,24.2,24.4,33.5,34.5,37.7,17,2
"421",2011,"Kansas","Male",26.5,12.3,14.9,33.4,26.8,35.5,41,40.5,18,2
"422",2011,"Kentucky","Male",37.1,20.6,14.3,24.8,33,41.6,48.7,30.4,19,2
"423",2011,"Louisiana","Male",37.1,18.6,16.8,46.5,37.7,49.5,45,35.4,20,2
"424",2011,"Maryland","Male",27.1,13.4,15.5,24.2,35,37.6,37.7,NA,22,2
"425",2011,"Michigan","Male",28.1,15.8,15.2,34.5,30.4,37.9,37.1,35.1,24,2
"426",2011,"Mississippi","Male",43.4,18.2,14.9,34.9,42.4,38.4,36.5,37.4,25,2
"427",2011,"Montana","Male",29.7,11.4,14,37,24.6,33.9,39,36.1,27,2
"428",2011,"National","Male",31.4,16.1,15.1,35.5,33.3,37.2,33.9,38.3,28,2
"429",2011,"Nebraska","Male",29.7,15,13.5,38.7,26.8,37.8,39.2,35.8,29,2
"430",2011,"New Jersey","Male",21.6,14.7,15.3,56,32.3,34.9,38.5,NA,32,2
"431",2011,"New Mexico","Male",32.1,17.5,14.8,33.7,30.5,36.3,37.9,33.8,33,2
"432",2011,"New York","Male",23.5,13.9,14.6,19.7,31.3,NA,34.5,33.9,34,2
"433",2011,"North Carolina","Male",34.5,14.8,15.5,NA,35.7,38.8,43.2,33.6,35,2
"434",2011,"Ohio","Male",28.3,17.4,17.2,26.7,32.5,43.6,40.5,35.3,37,2
"435",2011,"Oklahoma","Male",39.7,17.9,17.5,41.1,29.4,38.5,42.5,47.9,38,2
"436",2011,"Rhode Island","Male",25.2,13.2,14.9,23.4,27.7,36.7,36,35.4,41,2
"437",2011,"South Carolina","Male",35,18.1,14.3,30.8,36.8,48.8,50.4,36.1,42,2
"438",2011,"South Dakota","Male",36.5,12,13.9,22.7,25.6,40.5,42.6,37.3,43,2
"439",2011,"Tennessee","Male",42.8,17.9,17.1,25.9,36.1,41.7,42.7,41.8,44,2
"440",2011,"Texas","Male",32.3,19,13.9,38.7,36.7,47.2,40.8,35.4,45,2
"441",2011,"Utah","Male",17.9,12.2,13.6,16.9,19.8,32.8,32.8,27.1,46,2
"442",2011,"Vermont","Male",21.8,13.2,14.5,15.4,NA,27.9,30.7,32.2,47,2
"443",2011,"Virginia","Male",25.8,11.4,18,21.3,29.6,42.5,37.3,31.1,48,2
"444",2011,"West Virginia","Male",42.6,19.5,16.1,32,34.1,36,35.2,38.4,49,2
"445",2011,"Wisconsin","Male",28.7,13.9,14.9,39,24.3,35.9,33.2,33.9,50,2
"446",2011,"Wyoming","Male",31,14.9,11.5,26.8,21.4,30.8,35.7,34.3,51,2
"447",2009,"Alabama","Male",41.9,16.9,15.1,34.4,39.1,46.2,51.8,25.1,1,2
"448",2009,"Alaska","Male",20.4,13.8,13.6,21.8,24.1,36.6,40.3,26,2,2
"449",2009,"Arkansas","Male",34.1,18.4,16,24.2,38,45.2,48,NA,4,2
"450",2009,"Colorado","Male",29,8.5,11.6,25.3,29.7,31.7,32,34.1,6,2
"451",2009,"Delaware","Male",32.1,15.3,14.8,28.1,39.1,NA,41.7,33.7,8,2
"452",2009,"Florida","Male",32.9,13.2,16.1,33.5,39.8,43.1,36,NA,10,2
"453",2009,"Georgia","Male",32.3,14.3,13.7,32.9,38.4,39,39.8,33,11,2
"454",2009,"Hawaii","Male",26.2,16.9,13.1,13.3,31.2,36.3,42.3,24.7,13,2
"455",2009,"Idaho","Male",22.3,12.2,12.4,31.2,23.4,34.7,37.6,38,14,2
"456",2009,"Illinois","Male",35.3,14.7,16.7,67.7,36.9,45,40.6,31.8,15,2
"457",2009,"Indiana","Male",32.9,15.6,13.9,31.2,27.7,41,41,32.3,16,2
"458",2009,"Kansas","Male",36.4,14.9,13.2,24.1,29.8,34.8,37.7,37.4,18,2
"459",2009,"Kentucky","Male",39.7,20.4,14.8,29.8,28.6,42.6,48.2,30.4,19,2
"460",2009,"Louisiana","Male",37.4,17.9,14.7,36.1,37.7,47.6,49.9,NA,20,2
"461",2009,"Maryland","Male",23.8,15.4,15.8,24.2,41.2,40.5,37.1,NA,22,2
"462",2009,"Michigan","Male",32.4,15.7,15.2,36,34.2,40.7,38.6,32.3,24,2
"463",2009,"Mississippi","Male",42.2,20,16.2,34,44.7,44,40.5,30.2,25,2
"464",2009,"Missouri","Male",38.8,18.2,14.7,40.4,35,39.3,46,36.6,26,2
"465",2009,"Montana","Male",33.5,13,14.2,35.4,27.1,34.8,39.7,27.5,27,2
"466",2009,"National","Male",34.6,15.2,15.7,34.6,33.5,36.3,33,NA,28,2
"467",2009,"Nevada","Male",26.4,15,13.3,NA,33.9,42.7,40.4,33,30,2
"468",2009,"New Mexico","Male",35.5,18.3,14.6,33.9,35.3,36.8,40,29.4,33,2
"469",2009,"New York","Male",30.1,14.5,17.2,15.2,35.5,NA,35.8,31.6,34,2
"470",2009,"North Carolina","Male",36.4,16.7,13.8,NA,37.1,39.9,43.5,33.6,35,2
"471",2009,"Oklahoma","Male",41.2,14.6,16.4,37.3,31.4,43.2,45.9,37.9,38,2
"472",2009,"Pennsylvania","Male",32.2,13.5,15.6,22.8,32.8,38.2,38.8,34.9,39,2
"473",2009,"Rhode Island","Male",25.1,12.3,16.4,22.6,30.9,38.8,34.1,31.3,41,2
"474",2009,"South Carolina","Male",35.4,18.7,13.9,20.2,38.6,50.9,52.7,22.5,42,2
"475",2009,"South Dakota","Male",36.5,13.1,13.1,22.6,26.6,38.2,41.6,36,43,2
"476",2009,"Tennessee","Male",42.8,18.5,14.8,27.4,37.8,43.4,46.4,34.8,44,2
"477",2009,"Texas","Male",37.2,15.8,15.5,43.8,36.6,44,36.6,37.5,45,2
"478",2009,"Utah","Male",19.3,8.2,10.1,24.2,16.4,32.7,36.3,NA,46,2
"479",2009,"Vermont","Male",29.6,16.1,14.7,20.8,NA,30,34.4,30.5,47,2
"480",2009,"West Virginia","Male",35.7,20.2,13.1,27.4,31.9,37.5,41.1,27.9,49,2
"481",2009,"Wisconsin","Male",28.9,11.7,14.2,44.9,26.8,36.8,35.9,29.6,50,2
"482",2009,"Wyoming","Male",33.3,11,13.1,26.1,23.9,34.7,40.9,33.6,51,2
"483",2007,"Alaska","Male",25.1,12.4,17.5,22.9,23.3,39.9,40.8,25,2,2
"484",2007,"Arizona","Male",34.1,14.6,15.9,32.2,29.2,45.4,45.1,NA,3,2
"485",2007,"Arkansas","Male",42.4,18.3,14.8,30,37.3,49.2,52.2,NA,4,2
"486",2007,"Delaware","Male",37.9,15.6,15.9,28.7,40.2,NA,45.7,30.6,8,2
"487",2007,"District of Columbia","Male",31.6,19.5,15.7,16.9,50.7,48.5,43.4,23.2,9,2
"488",2007,"Florida","Male",35.3,15.4,15.3,29,40.6,41.3,37.6,NA,10,2
"489",2007,"Georgia","Male",36.2,16.5,17.4,43.9,43.4,43.2,39.4,36.4,11,2
"490",2007,"Hawaii","Male",23.5,19.2,13.2,9,32,44.6,48.1,22.3,13,2
"491",2007,"Idaho","Male",29.4,15.4,10.3,40.6,25.6,35.4,41.1,31,14,2
"492",2007,"Illinois","Male",39.3,15.9,15.5,49.6,37.3,45,39.6,29.5,15,2
"493",2007,"Indiana","Male",43.4,17.7,15.8,30.1,30.9,37.7,39.7,30.6,16,2
"494",2007,"Iowa","Male",41.7,13.7,16.2,23.1,26.4,33.7,40.2,32.9,17,2
"495",2007,"Kansas","Male",36.5,15.2,14.5,32.8,28.3,33.9,36.2,36.2,18,2
"496",2007,"Kentucky","Male",44.1,19.7,17.2,23.5,27.7,44.1,52.4,24,19,2
"497",2007,"Louisiana","Male",37.3,19.4,20.8,47.8,37.9,53.2,49.6,32.9,20,2
"498",2007,"Maine","Male",26.3,17.5,13.8,7.3,24,26.4,41.8,NA,21,2
"499",2007,"Michigan","Male",34.6,14.9,17.3,33.5,34.7,40.1,42.9,28.3,24,2
"500",2007,"Mississippi","Male",49.5,21.2,16.9,30.8,48.3,44.1,41.2,30.9,25,2
"501",2007,"Missouri","Male",37.9,15.3,14.9,30.6,30.1,42.5,43,38,26,2
"502",2007,"Montana","Male",31.1,13.7,13.8,37.4,24.9,34.9,39.5,28.8,27,2
"503",2007,"National","Male",38.6,16.2,16.4,33.2,37.5,40.2,37.2,NA,28,2
"504",2007,"Nevada","Male",26.5,14,15.1,NA,37.2,40.4,41.1,29.1,30,2
"505",2007,"New Hampshire","Male",33.2,15.8,15.6,20.4,31.5,31,39.6,30.4,31,2
"506",2007,"New Mexico","Male",30.7,15.5,13.2,31,26.9,36.8,42.2,26.2,33,2
"507",2007,"New York","Male",27.3,14.1,16.2,14.3,35.6,NA,39.5,27.9,34,2
"508",2007,"North Carolina","Male",38.5,15.9,17,35.4,36.5,46.9,47.5,31.5,35,2
"509",2007,"North Dakota","Male",37.2,11.8,16,NA,29,39.9,40.8,30.3,36,2
"510",2007,"Ohio","Male",36.6,16,15.4,29.6,32.8,43,47.1,35.6,37,2
"511",2007,"Oklahoma","Male",45.2,19.2,13.7,40.7,36.3,42.4,45.3,41.4,38,2
"512",2007,"Rhode Island","Male",30.1,13.7,16.2,24.4,28.1,36.6,41.1,34.2,41,2
"513",2007,"South Carolina","Male",34.9,16.6,15.3,25.7,35,49.1,49.8,26.4,42,2
"514",2007,"South Dakota","Male",35.8,10.5,16.4,17.5,24.8,38.3,42.7,29.5,43,2
"515",2007,"Tennessee","Male",51.2,21.6,16.4,34,37.2,40.5,45.2,35.4,44,2
"516",2007,"Texas","Male",42.7,19.8,15.4,44.6,38.5,46.5,42.3,34.6,45,2
"517",2007,"Utah","Male",21,11.9,13.2,38.2,18.4,35.6,39.5,26.7,46,2
"518",2007,"Vermont","Male",31.9,15,14.9,20.9,NA,31.2,34,32.5,47,2
"519",2007,"West Virginia","Male",50.8,17.5,14.9,29.7,32.7,42,41.3,35,49,2
"520",2007,"Wyoming","Male",34.6,11.7,12.6,24.6,24,34.2,40.9,33.4,51,2
